Platform,Env,Precision,Mode,Run_Index,Latency_ms,Mem_Used_Before,Mem_Used_After,Swap_Used_Before,Swap_Used_After,Mem_Available_Before,Mem_Available_After
JetAfter,CLI,fp16,reboot_cold,1,4526.487134,217,457,0,6,1669,1658
JetAfter,CLI,fp16,reboot_cold,2,4610.060467000004,220,455,0,10,1666,1660
JetAfter,CLI,fp16,reboot_cold,3,4562.7313529999965,219,454,0,9,1667,1656
JetAfter,CLI,fp16,reboot_cold,4,4149.601874000005,223,454,0,5,1663,1652
JetAfter,CLI,fp16,reboot_cold,5,4531.692030000002,223,463,0,7,1663,1651
JetAfter,CLI,fp16,process_cold,6,3967.238852999998,221,458,7,14,1656,1660
JetAfter,CLI,fp16,process_cold,7,4414.9680190000145,218,453,14,19,1664,1667
JetAfter,CLI,fp16,process_cold,8,4320.913488000002,217,440,18,21,1667,1668
JetAfter,CLI,fp16,process_cold,9,3930.817343000001,216,451,21,28,1670,1672
JetAfter,CLI,fp16,process_cold,10,4254.806247999994,210,451,28,28,1682,1674
JetAfter,CLI,fp16,process_cold,11,4016.5820819999853,211,447,28,30,1684,1676
JetAfter,CLI,fp16,process_cold,12,4265.390362999995,209,447,30,34,1687,1678
JetAfter,CLI,fp16,process_cold,13,4128.348488000029,207,446,34,36,1689,1680
JetAfter,CLI,fp16,process_cold,14,4327.121508999994,205,434,36,38,1693,1681
JetAfter,CLI,fp16,process_cold,15,4039.622966999957,205,444,38,39,1694,1682
JetAfter,CLI,fp16,steady,16,57.439219000002595,444,393,39,40,1682,1679
JetAfter,CLI,fp16,steady,17,17.407395000020642,444,393,39,40,1682,1679
JetAfter,CLI,fp16,steady,18,17.487344000016947,444,393,39,40,1682,1679
JetAfter,CLI,fp16,steady,19,17.270624999980555,444,393,39,40,1682,1679
JetAfter,CLI,fp16,steady,20,12.580468999999539,444,393,39,40,1682,1679
JetAfter,CLI,fp16,steady,21,10.418229000038082,444,393,39,40,1682,1679
JetAfter,CLI,fp16,steady,22,10.335938000025635,444,393,39,40,1682,1679
JetAfter,CLI,fp16,steady,23,10.29723900001045,444,393,39,40,1682,1679
JetAfter,CLI,fp16,steady,24,10.070625000025757,444,393,39,40,1682,1679
JetAfter,CLI,fp16,steady,25,10.130573000026288,444,393,39,40,1682,1679
JetAfter,CLI,fp16,steady,26,10.059323000007225,444,393,39,40,1682,1679
JetAfter,CLI,fp16,steady,27,10.205781000024672,444,393,39,40,1682,1679
JetAfter,CLI,fp16,steady,28,9.362916000043242,444,393,39,40,1682,1679
JetAfter,CLI,fp16,steady,29,8.2831770000098,444,393,39,40,1682,1679
JetAfter,CLI,fp16,steady,30,8.288125000035507,444,393,39,40,1682,1679
JetAfter,CLI,fp16,steady,31,8.311614999968242,444,393,39,40,1682,1679
JetAfter,CLI,fp16,steady,32,8.287655999993149,444,393,39,40,1682,1679
JetAfter,CLI,fp16,steady,33,8.205052000050728,444,393,39,40,1682,1679
JetAfter,CLI,fp16,steady,34,8.121197999969354,444,393,39,40,1682,1679
JetAfter,CLI,fp16,steady,35,8.199375000003783,444,393,39,40,1682,1679
JetAfter,CLI,fp16,steady,36,8.279843000025267,444,393,39,40,1682,1679
JetAfter,CLI,fp16,steady,37,8.159062999993694,444,393,39,40,1682,1679
JetAfter,CLI,fp16,steady,38,8.042395999950713,444,393,39,40,1682,1679
JetAfter,CLI,fp16,steady,39,7.973489999983485,444,393,39,40,1682,1679
JetAfter,CLI,fp16,steady,40,7.951509999998052,444,393,39,40,1682,1679
JetAfter,CLI,fp16,steady,41,8.048072999997657,444,393,39,40,1682,1679
JetAfter,CLI,fp16,steady,42,8.226250000006985,444,393,39,40,1682,1679
JetAfter,CLI,fp16,steady,43,8.058594000033281,444,393,39,40,1682,1679
JetAfter,CLI,fp16,steady,44,8.23942699997815,444,393,39,40,1682,1679
JetAfter,CLI,fp16,steady,45,8.22557300000426,444,393,39,40,1682,1679
JetAfter,CLI,fp32,reboot_cold,1,4234.521935000003,221,463,0,9,1665,1656
JetAfter,CLI,fp32,reboot_cold,2,3996.317343000001,225,468,0,11,1661,1652
JetAfter,CLI,fp32,reboot_cold,3,3987.5234359999963,221,462,0,7,1665,1655
JetAfter,CLI,fp32,reboot_cold,4,4269.459061,227,468,0,7,1659,1652
JetAfter,CLI,fp32,reboot_cold,5,4260.275102999998,221,459,0,9,1665,1657
JetAfter,CLI,fp32,process_cold,6,3986.3398420000067,216,459,9,15,1662,1666
JetAfter,CLI,fp32,process_cold,7,4353.523644000006,216,459,15,19,1667,1670
JetAfter,CLI,fp32,process_cold,8,4267.882498000006,214,459,19,21,1671,1671
JetAfter,CLI,fp32,process_cold,9,4321.2043730000005,213,458,21,23,1675,1672
JetAfter,CLI,fp32,process_cold,10,4341.026247999991,212,456,23,24,1680,1674
JetAfter,CLI,fp32,process_cold,11,4097.852291000037,212,453,24,29,1683,1677
JetAfter,CLI,fp32,process_cold,12,4112.507863000019,208,450,29,33,1688,1680
JetAfter,CLI,fp32,process_cold,13,4168.00843599998,205,424,33,35,1693,1682
JetAfter,CLI,fp32,process_cold,14,4417.195363000019,204,444,35,37,1695,1683
JetAfter,CLI,fp32,process_cold,15,4443.211457000018,202,442,37,39,1697,1684
JetAfter,CLI,fp32,steady,16,44.72947899995461,442,449,39,40,1685,1681
JetAfter,CLI,fp32,steady,17,28.71546900001931,442,449,39,40,1685,1681
JetAfter,CLI,fp32,steady,18,16.054531000008865,442,449,39,40,1685,1681
JetAfter,CLI,fp32,steady,19,16.058229000009305,442,449,39,40,1685,1681
JetAfter,CLI,fp32,steady,20,14.62364499997193,442,449,39,40,1685,1681
JetAfter,CLI,fp32,steady,21,10.515937000036502,442,449,39,40,1685,1681
JetAfter,CLI,fp32,steady,22,10.184948000016902,442,449,39,40,1685,1681
JetAfter,CLI,fp32,steady,23,10.264686999960304,442,449,39,40,1685,1681
JetAfter,CLI,fp32,steady,24,10.405573000014101,442,449,39,40,1685,1681
JetAfter,CLI,fp32,steady,25,10.520833999976276,442,449,39,40,1685,1681
JetAfter,CLI,fp32,steady,26,10.177239000029203,442,449,39,40,1685,1681
JetAfter,CLI,fp32,steady,27,10.3491149999968,442,449,39,40,1685,1681
JetAfter,CLI,fp32,steady,28,8.979217999979028,442,449,39,40,1685,1681
JetAfter,CLI,fp32,steady,29,8.843177000017022,442,449,39,40,1685,1681
JetAfter,CLI,fp32,steady,30,8.864011000014216,442,449,39,40,1685,1681
JetAfter,CLI,fp32,steady,31,8.838125000011132,442,449,39,40,1685,1681
JetAfter,CLI,fp32,steady,32,9.00927100002491,442,449,39,40,1685,1681
JetAfter,CLI,fp32,steady,33,8.96593799996026,442,449,39,40,1685,1681
JetAfter,CLI,fp32,steady,34,9.021561999986716,442,449,39,40,1685,1681
JetAfter,CLI,fp32,steady,35,8.939634999990176,442,449,39,40,1685,1681
JetAfter,CLI,fp32,steady,36,8.984739999959857,442,449,39,40,1685,1681
JetAfter,CLI,fp32,steady,37,8.9582819999805,442,449,39,40,1685,1681
JetAfter,CLI,fp32,steady,38,9.01260400002002,442,449,39,40,1685,1681
JetAfter,CLI,fp32,steady,39,8.93833300000324,442,449,39,40,1685,1681
JetAfter,CLI,fp32,steady,40,8.937761000026967,442,449,39,40,1685,1681
JetAfter,CLI,fp32,steady,41,8.915624999985994,442,449,39,40,1685,1681
JetAfter,CLI,fp32,steady,42,8.972083000003295,442,449,39,40,1685,1681
JetAfter,CLI,fp32,steady,43,8.991823000030763,442,449,39,40,1685,1681
JetAfter,CLI,fp32,steady,44,8.78781300002629,442,449,39,40,1685,1681
JetAfter,CLI,fp32,steady,45,8.717240000009951,442,449,39,40,1685,1681
JetAfter,Desktop,fp16,reboot_cold,1,5701.261446999979,510,684,0,59,1377,1422
JetAfter,Desktop,fp16,reboot_cold,2,5764.801707000004,512,713,0,35,1377,1394
JetAfter,Desktop,fp16,reboot_cold,3,5766.265919999995,506,700,0,40,1381,1399
JetAfter,Desktop,fp16,reboot_cold,4,5835.262053999997,492,688,0,35,1399,1413
JetAfter,Desktop,fp16,reboot_cold,5,5665.671352000004,498,677,0,44,1388,1430
JetAfter,Desktop,fp16,process_cold,6,2907.3484620000017,678,646,44,85,1429,1459
JetAfter,Desktop,fp16,process_cold,7,1991.1790170000074,646,618,85,146,1459,1504
JetAfter,Desktop,fp16,process_cold,8,1438.0527439999896,618,613,146,159,1504,1513
JetAfter,Desktop,fp16,process_cold,9,1690.9929130000023,613,610,159,172,1513,1518
JetAfter,Desktop,fp16,process_cold,10,1665.5960160000234,610,602,172,182,1518,1526
JetAfter,Desktop,fp16,process_cold,11,1421.8982339999968,599,596,182,190,1529,1532
JetAfter,Desktop,fp16,process_cold,12,1496.5239940000004,596,589,190,198,1532,1539
JetAfter,Desktop,fp16,process_cold,13,1414.9080099999765,589,592,198,198,1539,1537
JetAfter,Desktop,fp16,process_cold,14,1416.633709999985,592,592,198,198,1536,1537
JetAfter,Desktop,fp16,process_cold,15,1406.2460690000194,592,587,198,200,1537,1539
JetAfter,Desktop,fp16,steady,16,40.44774400000506,587,593,198,198,1540,1535
JetAfter,Desktop,fp16,steady,17,40.35597299997562,587,593,198,198,1540,1535
JetAfter,Desktop,fp16,steady,18,40.43284799999469,587,593,198,198,1540,1535
JetAfter,Desktop,fp16,steady,19,38.19855300000086,587,593,198,198,1540,1535
JetAfter,Desktop,fp16,steady,20,14.489015999998855,587,593,198,198,1540,1535
JetAfter,Desktop,fp16,steady,21,14.449797999986913,587,593,198,198,1540,1535
JetAfter,Desktop,fp16,steady,22,14.438756000004105,587,593,198,198,1540,1535
JetAfter,Desktop,fp16,steady,23,14.473599000012882,587,593,198,198,1540,1535
JetAfter,Desktop,fp16,steady,24,11.082831999999598,587,593,198,198,1540,1535
JetAfter,Desktop,fp16,steady,25,9.310052000017777,587,593,198,198,1540,1535
JetAfter,Desktop,fp16,steady,26,9.359063000005108,587,593,198,198,1540,1535
JetAfter,Desktop,fp16,steady,27,9.310625000011896,587,593,198,198,1540,1535
JetAfter,Desktop,fp16,steady,28,9.279217999988987,587,593,198,198,1540,1535
JetAfter,Desktop,fp16,steady,29,9.309948000009172,587,593,198,198,1540,1535
JetAfter,Desktop,fp16,steady,30,9.312187999995558,587,593,198,198,1540,1535
JetAfter,Desktop,fp16,steady,31,9.31463500000973,587,593,198,198,1540,1535
JetAfter,Desktop,fp16,steady,32,9.32442600000627,587,593,198,198,1540,1535
JetAfter,Desktop,fp16,steady,33,9.300102999986848,587,593,198,198,1540,1535
JetAfter,Desktop,fp16,steady,34,9.287395000001197,587,593,198,198,1540,1535
JetAfter,Desktop,fp16,steady,35,9.350519999998141,587,593,198,198,1540,1535
JetAfter,Desktop,fp16,steady,36,9.300364000011996,587,593,198,198,1540,1535
JetAfter,Desktop,fp16,steady,37,9.281612999984645,587,593,198,198,1540,1535
JetAfter,Desktop,fp16,steady,38,8.122693999979447,587,593,198,198,1540,1535
JetAfter,Desktop,fp16,steady,39,8.07722499999386,587,593,198,198,1540,1535
JetAfter,Desktop,fp16,steady,40,8.081339999989723,587,593,198,198,1540,1535
JetAfter,Desktop,fp16,steady,41,8.114880999983143,587,593,198,198,1540,1535
JetAfter,Desktop,fp16,steady,42,8.067068000002564,587,593,198,198,1540,1535
JetAfter,Desktop,fp16,steady,43,8.034100000003264,587,593,198,198,1540,1535
JetAfter,Desktop,fp16,steady,44,8.09785000001284,587,593,198,198,1540,1535
JetAfter,Desktop,fp16,steady,45,8.026340000014898,587,593,198,198,1540,1535
JetAfter,Desktop,fp32,reboot_cold,1,5536.557931000005,534,719,0,47,1357,1393
JetAfter,Desktop,fp32,reboot_cold,2,5284.518695999999,510,691,0,44,1379,1415
JetAfter,Desktop,fp32,reboot_cold,3,5122.988122999999,502,689,0,45,1382,1407
JetAfter,Desktop,fp32,reboot_cold,4,5551.479998000005,509,709,0,45,1375,1400
JetAfter,Desktop,fp32,reboot_cold,5,5242.988644,507,709,0,45,1379,1404
JetAfter,Desktop,fp32,process_cold,6,2969.2176470000077,709,653,44,93,1404,1441
JetAfter,Desktop,fp32,process_cold,7,2160.539924000005,654,619,93,178,1441,1509
JetAfter,Desktop,fp32,process_cold,8,1647.9365179999945,619,604,178,202,1509,1524
JetAfter,Desktop,fp32,process_cold,9,1494.926190000001,604,597,202,212,1524,1531
JetAfter,Desktop,fp32,process_cold,10,1525.4447199999959,597,585,212,230,1531,1544
JetAfter,Desktop,fp32,process_cold,11,1396.7560029999788,583,587,230,229,1546,1543
JetAfter,Desktop,fp32,process_cold,12,1445.2015160000258,587,584,229,232,1543,1547
JetAfter,Desktop,fp32,process_cold,13,1422.7857150000034,584,584,232,232,1546,1546
JetAfter,Desktop,fp32,process_cold,14,1410.3136060000168,581,577,232,234,1548,1546
JetAfter,Desktop,fp32,process_cold,15,1423.5415290000049,574,582,234,234,1549,1547
JetAfter,Desktop,fp32,steady,16,87.91105000000243,585,577,231,235,1545,1546
JetAfter,Desktop,fp32,steady,17,89.0816769999958,585,577,231,235,1545,1546
JetAfter,Desktop,fp32,steady,18,87.8296439999815,585,577,231,235,1545,1546
JetAfter,Desktop,fp32,steady,19,87.77771600000506,585,577,231,235,1545,1546
JetAfter,Desktop,fp32,steady,20,58.227520999992066,585,577,231,235,1545,1546
JetAfter,Desktop,fp32,steady,21,44.70948400000907,585,577,231,235,1545,1546
JetAfter,Desktop,fp32,steady,22,16.042623999993566,585,577,231,235,1545,1546
JetAfter,Desktop,fp32,steady,23,15.849915999979203,585,577,231,235,1545,1546
JetAfter,Desktop,fp32,steady,24,15.913457999999991,585,577,231,235,1545,1546
JetAfter,Desktop,fp32,steady,25,15.884029999995164,585,577,231,235,1545,1546
JetAfter,Desktop,fp32,steady,26,15.897572000000082,585,577,231,235,1545,1546
JetAfter,Desktop,fp32,steady,27,12.066473999993832,585,577,231,235,1545,1546
JetAfter,Desktop,fp32,steady,28,10.28459600001952,585,577,231,235,1545,1546
JetAfter,Desktop,fp32,steady,29,10.25042899999562,585,577,231,235,1545,1546
JetAfter,Desktop,fp32,steady,30,10.487514000004694,585,577,231,235,1545,1546
JetAfter,Desktop,fp32,steady,31,10.279440000005025,585,577,231,235,1545,1546
JetAfter,Desktop,fp32,steady,32,10.224284000003081,585,577,231,235,1545,1546
JetAfter,Desktop,fp32,steady,33,10.136732000006532,585,577,231,235,1545,1546
JetAfter,Desktop,fp32,steady,34,8.872771999989482,585,577,231,235,1545,1546
JetAfter,Desktop,fp32,steady,35,8.74782400001095,585,577,231,235,1545,1546
JetAfter,Desktop,fp32,steady,36,8.814803000007032,585,577,231,235,1545,1546
JetAfter,Desktop,fp32,steady,37,8.857199000004812,585,577,231,235,1545,1546
JetAfter,Desktop,fp32,steady,38,8.867094000009956,585,577,231,235,1545,1546
JetAfter,Desktop,fp32,steady,39,8.74818899998786,585,577,231,235,1545,1546
JetAfter,Desktop,fp32,steady,40,8.81698999998548,585,577,231,235,1545,1546
JetAfter,Desktop,fp32,steady,41,8.77803199998084,585,577,231,235,1545,1546
JetAfter,Desktop,fp32,steady,42,8.853813000001765,585,577,231,235,1545,1546
JetAfter,Desktop,fp32,steady,43,8.884647000002133,585,577,231,235,1545,1546
JetAfter,Desktop,fp32,steady,44,9.094855000000734,585,577,231,235,1545,1546
JetAfter,Desktop,fp32,steady,45,8.833449000007931,585,577,231,235,1545,1546
JetBefore,CLI,fp16,reboot_cold,1,4325.3577589999995,224,462,0,8,1662,1651
JetBefore,CLI,fp16,reboot_cold,2,4443.408714,221,457,0,8,1665,1657
JetBefore,CLI,fp16,reboot_cold,3,4502.308903999996,219,455,0,5,1667,1659
JetBefore,CLI,fp16,reboot_cold,4,4504.172081,222,458,0,7,1664,1656
JetBefore,CLI,fp16,reboot_cold,5,4315.448105000001,224,462,0,5,1662,1652
JetBefore,CLI,fp16,process_cold,6,4019.958055999993,221,457,5,12,1657,1661
JetBefore,CLI,fp16,process_cold,7,4143.922619999998,220,459,12,15,1662,1665
JetBefore,CLI,fp16,process_cold,8,3820.9950720000165,220,458,15,18,1665,1665
JetBefore,CLI,fp16,process_cold,9,4097.9062579999945,217,455,18,20,1669,1670
JetBefore,CLI,fp16,process_cold,10,4183.5692839999865,216,441,20,21,1672,1671
JetBefore,CLI,fp16,process_cold,11,4106.762663000012,215,450,21,24,1677,1672
JetBefore,CLI,fp16,process_cold,12,4066.896288999999,213,368,24,29,1683,1675
JetBefore,CLI,fp16,process_cold,13,4290.193649999992,210,429,29,31,1687,1676
JetBefore,CLI,fp16,process_cold,14,4029.7930480000446,210,448,31,32,1688,1677
JetBefore,CLI,fp16,process_cold,15,4027.5846939999838,209,445,32,32,1689,1679
JetBefore,CLI,fp16,steady,16,36.099656999965646,445,452,32,33,1678,1673
JetBefore,CLI,fp16,steady,17,20.184299000050032,445,452,32,33,1678,1673
JetBefore,CLI,fp16,steady,18,20.259664999969118,445,452,32,33,1678,1673
JetBefore,CLI,fp16,steady,19,20.209717000000182,445,452,32,33,1678,1673
JetBefore,CLI,fp16,steady,20,20.39513900001566,445,452,32,33,1678,1673
JetBefore,CLI,fp16,steady,21,20.235549999995328,445,452,32,33,1678,1673
JetBefore,CLI,fp16,steady,22,20.24440500002811,445,452,32,33,1678,1673
JetBefore,CLI,fp16,steady,23,20.283729000027506,445,452,32,33,1678,1673
JetBefore,CLI,fp16,steady,24,20.245290999980625,445,452,32,33,1678,1673
JetBefore,CLI,fp16,steady,25,20.358523000027162,445,452,32,33,1678,1673
JetBefore,CLI,fp16,steady,26,20.30930199998693,445,452,32,33,1678,1673
JetBefore,CLI,fp16,steady,27,20.38013899999669,445,452,32,33,1678,1673
JetBefore,CLI,fp16,steady,28,20.33852200003139,445,452,32,33,1678,1673
JetBefore,CLI,fp16,steady,29,20.202216000029694,445,452,32,33,1678,1673
JetBefore,CLI,fp16,steady,30,19.61532099994656,445,452,32,33,1678,1673
JetBefore,CLI,fp16,steady,31,17.56838000000016,445,452,32,33,1678,1673
JetBefore,CLI,fp16,steady,32,17.641612000034,445,452,32,33,1678,1673
JetBefore,CLI,fp16,steady,33,17.65838400001485,445,452,32,33,1678,1673
JetBefore,CLI,fp16,steady,34,17.750314000011258,445,452,32,33,1678,1673
JetBefore,CLI,fp16,steady,35,17.77927300003057,445,452,32,33,1678,1673
JetBefore,CLI,fp16,steady,36,17.673123999998097,445,452,32,33,1678,1673
JetBefore,CLI,fp16,steady,37,17.826514000034877,445,452,32,33,1678,1673
JetBefore,CLI,fp16,steady,38,17.56660900002771,445,452,32,33,1678,1673
JetBefore,CLI,fp16,steady,39,17.633955999997397,445,452,32,33,1678,1673
JetBefore,CLI,fp16,steady,40,17.674164999959885,445,452,32,33,1678,1673
JetBefore,CLI,fp16,steady,41,17.671769000003223,445,452,32,33,1678,1673
JetBefore,CLI,fp16,steady,42,17.645310000034442,445,452,32,33,1678,1673
JetBefore,CLI,fp16,steady,43,17.579214000022603,445,452,32,33,1678,1673
JetBefore,CLI,fp16,steady,44,17.662445999974352,445,452,32,33,1678,1673
JetBefore,CLI,fp16,steady,45,17.6715089999675,445,452,32,33,1678,1673
JetBefore,CLI,fp32,reboot_cold,1,4336.120635,218,464,0,4,1667,1656
JetBefore,CLI,fp32,reboot_cold,2,4138.714152999995,221,462,0,6,1665,1656
JetBefore,CLI,fp32,reboot_cold,3,4544.137342000014,219,464,0,4,1667,1655
JetBefore,CLI,fp32,reboot_cold,4,4579.878903999997,225,465,0,9,1660,1655
JetBefore,CLI,fp32,reboot_cold,5,3981.785350999999,221,465,0,4,1665,1655
JetBefore,CLI,fp32,process_cold,6,4243.705911999996,218,450,4,11,1658,1662
JetBefore,CLI,fp32,process_cold,7,4161.464403999986,216,457,11,14,1666,1668
JetBefore,CLI,fp32,process_cold,8,4141.014132999999,215,459,14,18,1669,1670
JetBefore,CLI,fp32,process_cold,9,3778.919492,214,459,18,20,1674,1671
JetBefore,CLI,fp32,process_cold,10,4118.198444000001,212,434,20,21,1680,1673
JetBefore,CLI,fp32,process_cold,11,4115.590486999991,212,456,21,23,1683,1674
JetBefore,CLI,fp32,process_cold,12,4091.181706000043,211,439,23,25,1686,1672
JetBefore,CLI,fp32,process_cold,13,4010.264162999988,210,436,25,27,1686,1676
JetBefore,CLI,fp32,process_cold,14,4096.241990999999,209,454,27,29,1688,1677
JetBefore,CLI,fp32,process_cold,15,4127.143446000047,208,451,29,32,1690,1679
JetBefore,CLI,fp32,steady,16,47.73131700000022,450,454,32,33,1679,1676
JetBefore,CLI,fp32,steady,17,39.29628100001992,450,454,32,33,1679,1676
JetBefore,CLI,fp32,steady,18,33.69155899997622,450,454,32,33,1679,1676
JetBefore,CLI,fp32,steady,19,16.932420999978604,450,454,32,33,1679,1676
JetBefore,CLI,fp32,steady,20,17.184665000002042,450,454,32,33,1679,1676
JetBefore,CLI,fp32,steady,21,16.704709000009643,450,454,32,33,1679,1676
JetBefore,CLI,fp32,steady,22,16.603770000017448,450,454,32,33,1679,1676
JetBefore,CLI,fp32,steady,23,16.708407000010084,450,454,32,33,1679,1676
JetBefore,CLI,fp32,steady,24,16.450278000036178,450,454,32,33,1679,1676
JetBefore,CLI,fp32,steady,25,16.79809600000226,450,454,32,33,1679,1676
JetBefore,CLI,fp32,steady,26,16.7801790000226,450,454,32,33,1679,1676
JetBefore,CLI,fp32,steady,27,17.11372600004779,450,454,32,33,1679,1676
JetBefore,CLI,fp32,steady,28,16.651479000017844,450,454,32,33,1679,1676
JetBefore,CLI,fp32,steady,29,17.278207999993356,450,454,32,33,1679,1676
JetBefore,CLI,fp32,steady,30,16.91590999996606,450,454,32,33,1679,1676
JetBefore,CLI,fp32,steady,31,16.916691999995237,450,454,32,33,1679,1676
JetBefore,CLI,fp32,steady,32,16.96825499999477,450,454,32,33,1679,1676
JetBefore,CLI,fp32,steady,33,16.719239999986257,450,454,32,33,1679,1676
JetBefore,CLI,fp32,steady,34,16.82257599998138,450,454,32,33,1679,1676
JetBefore,CLI,fp32,steady,35,16.837054999996326,450,454,32,33,1679,1676
JetBefore,CLI,fp32,steady,36,16.475589999970452,450,454,32,33,1679,1676
JetBefore,CLI,fp32,steady,37,16.83288800001037,450,454,32,33,1679,1676
JetBefore,CLI,fp32,steady,38,16.90393100000165,450,454,32,33,1679,1676
JetBefore,CLI,fp32,steady,39,16.813565000006747,450,454,32,33,1679,1676
JetBefore,CLI,fp32,steady,40,16.7760119999798,450,454,32,33,1679,1676
JetBefore,CLI,fp32,steady,41,16.874399000016638,450,454,32,33,1679,1676
JetBefore,CLI,fp32,steady,42,16.606894000005923,450,454,32,33,1679,1676
JetBefore,CLI,fp32,steady,43,17.307063000032485,450,454,32,33,1679,1676
JetBefore,CLI,fp32,steady,44,17.121226999961436,450,454,32,33,1679,1676
JetBefore,CLI,fp32,steady,45,17.214508999984446,450,454,32,33,1679,1676
JetBefore,Desktop,fp16,reboot_cold,1,5751.92505199999,490,689,0,40,1392,1417
JetBefore,Desktop,fp16,reboot_cold,2,5750.2838479999955,515,696,0,55,1378,1410
JetBefore,Desktop,fp16,reboot_cold,3,5475.2007630000035,506,687,0,42,1386,1418
JetBefore,Desktop,fp16,reboot_cold,4,5523.789477000001,518,710,0,46,1375,1401
JetBefore,Desktop,fp16,reboot_cold,5,5699.788708,514,704,0,53,1371,1403
JetBefore,Desktop,fp16,process_cold,6,3616.3729980000026,706,653,52,108,1401,1443
JetBefore,Desktop,fp16,process_cold,7,2231.088430999989,653,624,108,172,1443,1498
JetBefore,Desktop,fp16,process_cold,8,1743.5381690000042,624,608,172,203,1497,1517
JetBefore,Desktop,fp16,process_cold,9,1444.282453999989,605,601,203,211,1519,1526
JetBefore,Desktop,fp16,process_cold,10,1401.489631000004,602,601,211,211,1525,1526
JetBefore,Desktop,fp16,process_cold,11,1404.9072220000198,598,594,211,218,1529,1533
JetBefore,Desktop,fp16,process_cold,12,1403.434978000007,594,597,218,219,1533,1531
JetBefore,Desktop,fp16,process_cold,13,1406.0428759999866,597,596,219,219,1531,1531
JetBefore,Desktop,fp16,process_cold,14,1401.1122709999881,596,596,219,219,1531,1531
JetBefore,Desktop,fp16,process_cold,15,1415.4750060000083,596,596,219,219,1531,1532
JetBefore,Desktop,fp16,steady,16,20.701506000023073,593,591,218,223,1536,1537
JetBefore,Desktop,fp16,steady,17,22.543362000021716,593,591,218,223,1536,1537
JetBefore,Desktop,fp16,steady,18,20.153490999973656,593,591,218,223,1536,1537
JetBefore,Desktop,fp16,steady,19,19.991720999996687,593,591,218,223,1536,1537
JetBefore,Desktop,fp16,steady,20,19.868910000013784,593,591,218,223,1536,1537
JetBefore,Desktop,fp16,steady,21,19.9870859999578,593,591,218,223,1536,1537
JetBefore,Desktop,fp16,steady,22,20.232344000021385,593,591,218,223,1536,1537
JetBefore,Desktop,fp16,steady,23,20.253072999992128,593,591,218,223,1536,1537
JetBefore,Desktop,fp16,steady,24,20.196875999999975,593,591,218,223,1536,1537
JetBefore,Desktop,fp16,steady,25,20.31666599998516,593,591,218,223,1536,1537
JetBefore,Desktop,fp16,steady,26,17.5722150000297,593,591,218,223,1536,1537
JetBefore,Desktop,fp16,steady,27,17.718255000033878,593,591,218,223,1536,1537
JetBefore,Desktop,fp16,steady,28,18.055752000009306,593,591,218,223,1536,1537
JetBefore,Desktop,fp16,steady,29,17.482893000021704,593,591,218,223,1536,1537
JetBefore,Desktop,fp16,steady,30,17.35331100002213,593,591,218,223,1536,1537
JetBefore,Desktop,fp16,steady,31,17.510028000003786,593,591,218,223,1536,1537
JetBefore,Desktop,fp16,steady,32,17.22383300000274,593,591,218,223,1536,1537
JetBefore,Desktop,fp16,steady,33,17.531641999994463,593,591,218,223,1536,1537
JetBefore,Desktop,fp16,steady,34,17.686068000045907,593,591,218,223,1536,1537
JetBefore,Desktop,fp16,steady,35,17.595653000000766,593,591,218,223,1536,1537
JetBefore,Desktop,fp16,steady,36,17.56247599996641,593,591,218,223,1536,1537
JetBefore,Desktop,fp16,steady,37,17.65617200004499,593,591,218,223,1536,1537
JetBefore,Desktop,fp16,steady,38,17.178000999990672,593,591,218,223,1536,1537
JetBefore,Desktop,fp16,steady,39,17.55783999999494,593,591,218,223,1536,1537
JetBefore,Desktop,fp16,steady,40,17.869399000005615,593,591,218,223,1536,1537
JetBefore,Desktop,fp16,steady,41,17.149718999974084,593,591,218,223,1536,1537
JetBefore,Desktop,fp16,steady,42,18.180750999988504,593,591,218,223,1536,1537
JetBefore,Desktop,fp16,steady,43,17.583204999993995,593,591,218,223,1536,1537
JetBefore,Desktop,fp16,steady,44,17.689609000001383,593,591,218,223,1536,1537
JetBefore,Desktop,fp16,steady,45,17.694609999978184,593,591,218,223,1536,1537
JetBefore,Desktop,fp32,reboot_cold,1,6351.417994000002,504,689,0,48,1385,1423
JetBefore,Desktop,fp32,reboot_cold,2,6156.264746999995,517,701,0,49,1369,1399
JetBefore,Desktop,fp32,reboot_cold,3,5611.048920000002,509,692,0,43,1382,1422
JetBefore,Desktop,fp32,reboot_cold,4,5962.118524000005,502,702,0,42,1387,1406
JetBefore,Desktop,fp32,reboot_cold,5,5465.3728769999925,503,683,0,43,1390,1423
JetBefore,Desktop,fp32,process_cold,6,3353.0293369999954,684,660,42,89,1422,1456
JetBefore,Desktop,fp32,process_cold,7,2198.8159759999917,660,622,89,154,1456,1506
JetBefore,Desktop,fp32,process_cold,8,1740.6525269999804,622,588,154,196,1506,1537
JetBefore,Desktop,fp32,process_cold,9,1743.561752000005,588,584,196,209,1537,1543
JetBefore,Desktop,fp32,process_cold,10,1374.9814429999958,584,583,209,209,1543,1546
JetBefore,Desktop,fp32,process_cold,11,1407.568652000009,583,586,209,209,1545,1543
JetBefore,Desktop,fp32,process_cold,12,1390.5949410000176,583,587,209,209,1545,1542
JetBefore,Desktop,fp32,process_cold,13,1436.2676320000105,584,586,209,209,1545,1542
JetBefore,Desktop,fp32,process_cold,14,1414.7551619999774,587,584,209,209,1542,1545
JetBefore,Desktop,fp32,process_cold,15,1410.3173719999802,584,583,209,210,1545,1546
JetBefore,Desktop,fp32,steady,16,47.59344199999305,588,592,207,207,1542,1537
JetBefore,Desktop,fp32,steady,17,33.7986140000055,588,592,207,207,1542,1537
JetBefore,Desktop,fp32,steady,18,33.650590000007696,588,592,207,207,1542,1537
JetBefore,Desktop,fp32,steady,19,21.897011999982396,588,592,207,207,1542,1537
JetBefore,Desktop,fp32,steady,20,17.019545000010794,588,592,207,207,1542,1537
JetBefore,Desktop,fp32,steady,21,16.96730399999069,588,592,207,207,1542,1537
JetBefore,Desktop,fp32,steady,22,16.980584999998882,588,592,207,207,1542,1537
JetBefore,Desktop,fp32,steady,23,16.901625000002696,588,592,207,207,1542,1537
JetBefore,Desktop,fp32,steady,24,17.03636800002073,588,592,207,207,1542,1537
JetBefore,Desktop,fp32,steady,25,16.96298100000604,588,592,207,207,1542,1537
JetBefore,Desktop,fp32,steady,26,16.99475199998801,588,592,207,207,1542,1537
JetBefore,Desktop,fp32,steady,27,16.94001100000264,588,592,207,207,1542,1537
JetBefore,Desktop,fp32,steady,28,16.94136500000809,588,592,207,207,1542,1537
JetBefore,Desktop,fp32,steady,29,16.997617000015453,588,592,207,207,1542,1537
JetBefore,Desktop,fp32,steady,30,17.07501499998898,588,592,207,207,1542,1537
JetBefore,Desktop,fp32,steady,31,16.960479999994504,588,592,207,207,1542,1537
JetBefore,Desktop,fp32,steady,32,17.075900000008915,588,592,207,207,1542,1537
JetBefore,Desktop,fp32,steady,33,16.972303999978067,588,592,207,207,1542,1537
JetBefore,Desktop,fp32,steady,34,17.072721999994656,588,592,207,207,1542,1537
JetBefore,Desktop,fp32,steady,35,16.93355300000121,588,592,207,207,1542,1537
JetBefore,Desktop,fp32,steady,36,17.055429999999205,588,592,207,207,1542,1537
JetBefore,Desktop,fp32,steady,37,16.958760999983724,588,592,207,207,1542,1537
JetBefore,Desktop,fp32,steady,38,17.03173099997457,588,592,207,207,1542,1537
JetBefore,Desktop,fp32,steady,39,16.868706999986216,588,592,207,207,1542,1537
JetBefore,Desktop,fp32,steady,40,16.953500999989046,588,592,207,207,1542,1537
JetBefore,Desktop,fp32,steady,41,17.15480800001501,588,592,207,207,1542,1537
JetBefore,Desktop,fp32,steady,42,16.970323999998982,588,592,207,207,1542,1537
JetBefore,Desktop,fp32,steady,43,16.917562000003272,588,592,207,207,1542,1537
JetBefore,Desktop,fp32,steady,44,17.07142000000772,588,592,207,207,1542,1537
JetBefore,Desktop,fp32,steady,45,17.128662000004624,588,592,207,207,1542,1537
RPi5,CLI,fp16,reboot_cold,1,14.734871000001704,654,705,0,0,3391,3340
RPi5,CLI,fp16,reboot_cold,2,14.705978000002062,644,704,0,0,3401,3341
RPi5,CLI,fp16,reboot_cold,3,14.76994400000109,679,724,0,0,3366,3321
RPi5,CLI,fp16,reboot_cold,4,14.800350000001572,648,704,0,0,3396,3341
RPi5,CLI,fp16,reboot_cold,5,14.863302999998496,655,710,0,0,3390,3334
RPi5,CLI,fp16,process_cold,6,14.831556000004298,664,709,0,0,3381,3336
RPi5,CLI,fp16,process_cold,7,14.860261999999125,720,772,0,0,3325,3273
RPi5,CLI,fp16,process_cold,8,14.88787899999977,781,785,0,0,3264,3260
RPi5,CLI,fp16,process_cold,9,14.950906999999347,778,767,0,0,3267,3278
RPi5,CLI,fp16,process_cold,10,20.443133000000557,754,690,0,0,3290,3355
RPi5,CLI,fp16,process_cold,11,14.872298000000228,706,742,0,0,3339,3303
RPi5,CLI,fp16,process_cold,12,14.795609000003651,730,773,0,0,3315,3272
RPi5,CLI,fp16,process_cold,13,14.886627999999291,777,802,0,0,3268,3243
RPi5,CLI,fp16,process_cold,14,14.903154999998947,801,790,0,0,3244,3255
RPi5,CLI,fp16,process_cold,15,18.689303000002155,767,765,0,0,3278,3280
RPi5,CLI,fp16,steady,16,11.400131999977248,721,757,0,0,3324,3288
RPi5,CLI,fp16,steady,17,11.418335000001889,721,757,0,0,3324,3288
RPi5,CLI,fp16,steady,18,11.469207000004644,721,757,0,0,3324,3288
RPi5,CLI,fp16,steady,19,11.38477899999657,721,757,0,0,3324,3288
RPi5,CLI,fp16,steady,20,11.430299000011246,721,757,0,0,3324,3288
RPi5,CLI,fp16,steady,21,11.39633500000059,721,757,0,0,3324,3288
RPi5,CLI,fp16,steady,22,11.386741999984906,721,757,0,0,3324,3288
RPi5,CLI,fp16,steady,23,11.367277999994485,721,757,0,0,3324,3288
RPi5,CLI,fp16,steady,24,11.372426000008318,721,757,0,0,3324,3288
RPi5,CLI,fp16,steady,25,11.343758999998954,721,757,0,0,3324,3288
RPi5,CLI,fp16,steady,26,11.352407999993375,721,757,0,0,3324,3288
RPi5,CLI,fp16,steady,27,11.359278000014683,721,757,0,0,3324,3288
RPi5,CLI,fp16,steady,28,11.390519999991966,721,757,0,0,3324,3288
RPi5,CLI,fp16,steady,29,11.434595999986641,721,757,0,0,3324,3288
RPi5,CLI,fp16,steady,30,11.428651000016998,721,757,0,0,3324,3288
RPi5,CLI,fp16,steady,31,11.415001999978358,721,757,0,0,3324,3288
RPi5,CLI,fp16,steady,32,11.418243000008488,721,757,0,0,3324,3288
RPi5,CLI,fp16,steady,33,11.424853999983497,721,757,0,0,3324,3288
RPi5,CLI,fp16,steady,34,11.409576000005472,721,757,0,0,3324,3288
RPi5,CLI,fp16,steady,35,11.42005799999879,721,757,0,0,3324,3288
RPi5,CLI,fp16,steady,36,11.40881700001728,721,757,0,0,3324,3288
RPi5,CLI,fp16,steady,37,11.390019999993228,721,757,0,0,3324,3288
RPi5,CLI,fp16,steady,38,11.355538000003662,721,757,0,0,3324,3288
RPi5,CLI,fp16,steady,39,11.354648000008183,721,757,0,0,3324,3288
RPi5,CLI,fp16,steady,40,11.354517999990321,721,757,0,0,3324,3288
RPi5,CLI,fp16,steady,41,11.365963999992346,721,757,0,0,3324,3288
RPi5,CLI,fp16,steady,42,11.360760000002301,721,757,0,0,3324,3288
RPi5,CLI,fp16,steady,43,11.43622499998287,721,757,0,0,3324,3288
RPi5,CLI,fp16,steady,44,11.458503999989489,721,757,0,0,3324,3288
RPi5,CLI,fp16,steady,45,11.968632000019852,721,757,0,0,3324,3288
RPi5,CLI,fp32,reboot_cold,1,14.811590999997293,659,710,0,0,3386,3335
RPi5,CLI,fp32,reboot_cold,2,14.759627999993086,647,707,0,0,3398,3338
RPi5,CLI,fp32,reboot_cold,3,19.41158000001053,648,704,0,0,3397,3341
RPi5,CLI,fp32,reboot_cold,4,14.757899999999324,643,701,0,0,3402,3344
RPi5,CLI,fp32,reboot_cold,5,14.732447000000093,680,726,0,0,3365,3319
RPi5,CLI,fp32,process_cold,6,14.827578999984325,656,690,0,0,3389,3355
RPi5,CLI,fp32,process_cold,7,14.901731999998447,689,723,0,0,3355,3322
RPi5,CLI,fp32,process_cold,8,14.84634999999912,732,759,0,0,3312,3286
RPi5,CLI,fp32,process_cold,9,14.849964999996246,769,744,0,0,3276,3301
RPi5,CLI,fp32,process_cold,10,20.463640999992094,787,728,0,0,3258,3317
RPi5,CLI,fp32,process_cold,11,14.849697999977707,723,749,0,0,3322,3296
RPi5,CLI,fp32,process_cold,12,14.87982999998394,764,750,0,0,3280,3295
RPi5,CLI,fp32,process_cold,13,14.897520000005215,788,823,0,0,3257,3222
RPi5,CLI,fp32,process_cold,14,14.820931000002702,819,770,0,0,3226,3275
RPi5,CLI,fp32,process_cold,15,19.468208999995795,746,793,0,0,3299,3252
RPi5,CLI,fp32,steady,16,11.486133999994763,662,682,0,0,3383,3363
RPi5,CLI,fp32,steady,17,11.414615999996158,662,682,0,0,3383,3363
RPi5,CLI,fp32,steady,18,11.383913000003076,662,682,0,0,3383,3363
RPi5,CLI,fp32,steady,19,11.376745999996274,662,682,0,0,3383,3363
RPi5,CLI,fp32,steady,20,11.351559999980054,662,682,0,0,3383,3363
RPi5,CLI,fp32,steady,21,11.396356999995305,662,682,0,0,3383,3363
RPi5,CLI,fp32,steady,22,11.381357000004755,662,682,0,0,3383,3363
RPi5,CLI,fp32,steady,23,11.421893999994381,662,682,0,0,3383,3363
RPi5,CLI,fp32,steady,24,11.35624600001961,662,682,0,0,3383,3363
RPi5,CLI,fp32,steady,25,11.375504999989516,662,682,0,0,3383,3363
RPi5,CLI,fp32,steady,26,11.361190000002352,662,682,0,0,3383,3363
RPi5,CLI,fp32,steady,27,11.36717199997861,662,682,0,0,3383,3363
RPi5,CLI,fp32,steady,28,11.36891199999468,662,682,0,0,3383,3363
RPi5,CLI,fp32,steady,29,11.361227000008967,662,682,0,0,3383,3363
RPi5,CLI,fp32,steady,30,11.350004999997054,662,682,0,0,3383,3363
RPi5,CLI,fp32,steady,31,11.365764999993644,662,682,0,0,3383,3363
RPi5,CLI,fp32,steady,32,11.37278199999514,662,682,0,0,3383,3363
RPi5,CLI,fp32,steady,33,11.364911999976357,662,682,0,0,3383,3363
RPi5,CLI,fp32,steady,34,11.495246000009729,662,682,0,0,3383,3363
RPi5,CLI,fp32,steady,35,11.36487599998759,662,682,0,0,3383,3363
RPi5,CLI,fp32,steady,36,11.3735609999992,662,682,0,0,3383,3363
RPi5,CLI,fp32,steady,37,11.358950000015966,662,682,0,0,3383,3363
RPi5,CLI,fp32,steady,38,11.359098000014,662,682,0,0,3383,3363
RPi5,CLI,fp32,steady,39,11.35939400001007,662,682,0,0,3383,3363
RPi5,CLI,fp32,steady,40,11.360913000004302,662,682,0,0,3383,3363
RPi5,CLI,fp32,steady,41,11.35720899998205,662,682,0,0,3383,3363
RPi5,CLI,fp32,steady,42,11.398449999973082,662,682,0,0,3383,3363
RPi5,CLI,fp32,steady,43,11.35950500000149,662,682,0,0,3383,3363
RPi5,CLI,fp32,steady,44,11.367653999997174,662,682,0,0,3383,3363
RPi5,CLI,fp32,steady,45,11.367412999987891,662,682,0,0,3383,3363
RPi5,CLI,PTQ,reboot_cold,1,40.90858800000774,654,688,0,0,3391,3356
RPi5,CLI,PTQ,reboot_cold,2,41.08062299999915,654,689,0,0,3391,3356
RPi5,CLI,PTQ,reboot_cold,3,32.03631499999915,649,683,0,0,3396,3362
RPi5,CLI,PTQ,reboot_cold,4,31.922536999999807,653,667,0,0,3392,3378
RPi5,CLI,PTQ,reboot_cold,5,31.77641499999595,659,696,0,0,3386,3349
RPi5,CLI,PTQ,process_cold,6,31.82117400000095,656,706,0,0,3389,3339
RPi5,CLI,PTQ,process_cold,7,32.019190000013964,711,685,0,0,3334,3360
RPi5,CLI,PTQ,process_cold,8,31.80252399999972,685,720,0,0,3360,3325
RPi5,CLI,PTQ,process_cold,9,32.09634099999903,734,752,0,0,3310,3293
RPi5,CLI,PTQ,process_cold,10,40.886286999992194,740,749,0,0,3304,3296
RPi5,CLI,PTQ,process_cold,11,32.1160449999951,769,780,0,0,3276,3265
RPi5,CLI,PTQ,process_cold,12,32.12892899999531,759,762,0,0,3286,3283
RPi5,CLI,PTQ,process_cold,13,31.82993899999076,747,753,0,0,3298,3292
RPi5,CLI,PTQ,process_cold,14,32.20291400000974,752,749,0,0,3293,3296
RPi5,CLI,PTQ,process_cold,15,41.29916200000139,749,764,0,0,3296,3281
RPi5,CLI,PTQ,steady,16,20.646833999990122,698,711,0,0,3347,3333
RPi5,CLI,PTQ,steady,17,20.535008999999604,698,711,0,0,3347,3333
RPi5,CLI,PTQ,steady,18,20.59291199999791,698,711,0,0,3347,3333
RPi5,CLI,PTQ,steady,19,20.53613900000073,698,711,0,0,3347,3333
RPi5,CLI,PTQ,steady,20,20.515461000002233,698,711,0,0,3347,3333
RPi5,CLI,PTQ,steady,21,20.537601000000905,698,711,0,0,3347,3333
RPi5,CLI,PTQ,steady,22,20.534046000008743,698,711,0,0,3347,3333
RPi5,CLI,PTQ,steady,23,20.526587000006202,698,711,0,0,3347,3333
RPi5,CLI,PTQ,steady,24,20.598075999998855,698,711,0,0,3347,3333
RPi5,CLI,PTQ,steady,25,20.60472200000163,698,711,0,0,3347,3333
RPi5,CLI,PTQ,steady,26,20.529843999995023,698,711,0,0,3347,3333
RPi5,CLI,PTQ,steady,27,20.539858999995886,698,711,0,0,3347,3333
RPi5,CLI,PTQ,steady,28,20.563368000011906,698,711,0,0,3347,3333
RPi5,CLI,PTQ,steady,29,20.51092600000004,698,711,0,0,3347,3333
RPi5,CLI,PTQ,steady,30,20.631434000009108,698,711,0,0,3347,3333
RPi5,CLI,PTQ,steady,31,20.512092000004145,698,711,0,0,3347,3333
RPi5,CLI,PTQ,steady,32,20.547522000001095,698,711,0,0,3347,3333
RPi5,CLI,PTQ,steady,33,20.527938000000745,698,711,0,0,3347,3333
RPi5,CLI,PTQ,steady,34,20.508297000006337,698,711,0,0,3347,3333
RPi5,CLI,PTQ,steady,35,20.59724400000107,698,711,0,0,3347,3333
RPi5,CLI,PTQ,steady,36,20.531306999998833,698,711,0,0,3347,3333
RPi5,CLI,PTQ,steady,37,20.56362700000136,698,711,0,0,3347,3333
RPi5,CLI,PTQ,steady,38,20.525031000005356,698,711,0,0,3347,3333
RPi5,CLI,PTQ,steady,39,20.524512999998024,698,711,0,0,3347,3333
RPi5,CLI,PTQ,steady,40,20.511685000002444,698,711,0,0,3347,3333
RPi5,CLI,PTQ,steady,41,20.554261000000906,698,711,0,0,3347,3333
RPi5,CLI,PTQ,steady,42,20.55068800000015,698,711,0,0,3347,3333
RPi5,CLI,PTQ,steady,43,20.50487299999304,698,711,0,0,3347,3333
RPi5,CLI,PTQ,steady,44,20.567181000004098,698,711,0,0,3347,3333
RPi5,CLI,PTQ,steady,45,20.559998999999607,698,711,0,0,3347,3333
RPi5,CLI,QAT,reboot_cold,1,33.439895999997304,652,685,0,0,3393,3360
RPi5,CLI,QAT,reboot_cold,2,33.1883899999994,660,665,0,0,3385,3380
RPi5,CLI,QAT,reboot_cold,3,33.26514900000177,661,688,0,0,3384,3357
RPi5,CLI,QAT,reboot_cold,4,33.60276300000464,670,697,0,0,3375,3348
RPi5,CLI,QAT,reboot_cold,5,33.18607599999268,665,700,0,0,3380,3345
RPi5,CLI,QAT,process_cold,6,33.48699300001101,668,707,0,0,3377,3338
RPi5,CLI,QAT,process_cold,7,33.26874399999724,715,749,0,0,3330,3296
RPi5,CLI,QAT,process_cold,8,33.41493500001036,747,716,0,0,3297,3329
RPi5,CLI,QAT,process_cold,9,33.50620999999876,713,738,0,0,3332,3307
RPi5,CLI,QAT,process_cold,10,33.21479200000965,739,743,0,0,3306,3302
RPi5,CLI,QAT,process_cold,11,33.20460700000183,726,722,0,0,3319,3323
RPi5,CLI,QAT,process_cold,12,33.25629200000435,717,718,0,0,3328,3327
RPi5,CLI,QAT,process_cold,13,33.54061999999658,718,717,0,0,3327,3327
RPi5,CLI,QAT,process_cold,14,43.75074000000723,712,728,0,0,3333,3317
RPi5,CLI,QAT,process_cold,15,33.50357099999712,728,756,0,0,3317,3289
RPi5,CLI,QAT,steady,16,20.822463999991214,705,685,0,0,3340,3360
RPi5,CLI,QAT,steady,17,20.787599999991357,705,685,0,0,3340,3360
RPi5,CLI,QAT,steady,18,20.713317999991432,705,685,0,0,3340,3360
RPi5,CLI,QAT,steady,19,20.6725849999998,705,685,0,0,3340,3360
RPi5,CLI,QAT,steady,20,20.70402300000751,705,685,0,0,3340,3360
RPi5,CLI,QAT,steady,21,20.655180000005657,705,685,0,0,3340,3360
RPi5,CLI,QAT,steady,22,20.588767999996094,705,685,0,0,3340,3360
RPi5,CLI,QAT,steady,23,20.618854000005626,705,685,0,0,3340,3360
RPi5,CLI,QAT,steady,24,20.72209400000702,705,685,0,0,3340,3360
RPi5,CLI,QAT,steady,25,20.65956799999924,705,685,0,0,3340,3360
RPi5,CLI,QAT,steady,26,20.63031499999113,705,685,0,0,3340,3360
RPi5,CLI,QAT,steady,27,20.736776000006785,705,685,0,0,3340,3360
RPi5,CLI,QAT,steady,28,20.643034999991983,705,685,0,0,3340,3360
RPi5,CLI,QAT,steady,29,20.6117629999909,705,685,0,0,3340,3360
RPi5,CLI,QAT,steady,30,20.617909999998574,705,685,0,0,3340,3360
RPi5,CLI,QAT,steady,31,20.63310999999146,705,685,0,0,3340,3360
RPi5,CLI,QAT,steady,32,20.675936000003503,705,685,0,0,3340,3360
RPi5,CLI,QAT,steady,33,20.646997000000056,705,685,0,0,3340,3360
RPi5,CLI,QAT,steady,34,20.67093700000555,705,685,0,0,3340,3360
RPi5,CLI,QAT,steady,35,20.65179199999534,705,685,0,0,3340,3360
RPi5,CLI,QAT,steady,36,20.647960000005128,705,685,0,0,3340,3360
RPi5,CLI,QAT,steady,37,20.682453999995687,705,685,0,0,3340,3360
RPi5,CLI,QAT,steady,38,20.6338699999975,705,685,0,0,3340,3360
RPi5,CLI,QAT,steady,39,20.68652699999518,705,685,0,0,3340,3360
RPi5,CLI,QAT,steady,40,21.40220700000839,705,685,0,0,3340,3360
RPi5,CLI,QAT,steady,41,21.487417000003006,705,685,0,0,3340,3360
RPi5,CLI,QAT,steady,42,20.76188499999887,705,685,0,0,3340,3360
RPi5,CLI,QAT,steady,43,20.728705999999875,705,685,0,0,3340,3360
RPi5,CLI,QAT,steady,44,20.724891999989836,705,685,0,0,3340,3360
RPi5,CLI,QAT,steady,45,20.711098999996125,705,685,0,0,3340,3360
RPi5,Desktop,fp16,reboot_cold,1,14.824351000001457,955,1009,0,0,3090,3036
RPi5,Desktop,fp16,reboot_cold,2,14.757684000002769,968,1022,0,0,3077,3023
RPi5,Desktop,fp16,reboot_cold,3,14.854667000008703,958,1020,0,0,3087,3025
RPi5,Desktop,fp16,reboot_cold,4,14.821873999999013,958,1020,0,0,3087,3025
RPi5,Desktop,fp16,reboot_cold,5,20.38589999999374,953,1012,0,0,3092,3033
RPi5,Desktop,fp16,process_cold,6,12.205792000003157,963,997,0,0,3082,3048
RPi5,Desktop,fp16,process_cold,7,18.329387999997948,997,1046,0,0,3048,2999
RPi5,Desktop,fp16,process_cold,8,12.156691000001274,1047,1052,0,0,2998,2993
RPi5,Desktop,fp16,process_cold,9,12.264589000011483,1052,1052,0,0,2993,2993
RPi5,Desktop,fp16,process_cold,10,12.325378999989312,1052,1053,0,0,2993,2992
RPi5,Desktop,fp16,process_cold,11,12.15234099998952,1053,1052,0,0,2992,2993
RPi5,Desktop,fp16,process_cold,12,12.287669000002666,1054,1029,0,0,2991,3016
RPi5,Desktop,fp16,process_cold,13,12.219880999992938,1030,1072,0,0,3015,2973
RPi5,Desktop,fp16,process_cold,14,12.183452000002148,1072,1095,0,0,2973,2950
RPi5,Desktop,fp16,process_cold,15,12.165551999999025,1096,1098,0,0,2949,2947
RPi5,Desktop,fp16,steady,16,11.519870000000765,974,1010,0,0,3071,3035
RPi5,Desktop,fp16,steady,17,11.432577999997307,974,1010,0,0,3071,3035
RPi5,Desktop,fp16,steady,18,11.41965499999742,974,1010,0,0,3071,3035
RPi5,Desktop,fp16,steady,19,11.41863700000556,974,1010,0,0,3071,3035
RPi5,Desktop,fp16,steady,20,11.41978500000107,974,1010,0,0,3071,3035
RPi5,Desktop,fp16,steady,21,11.415081999999188,974,1010,0,0,3071,3035
RPi5,Desktop,fp16,steady,22,11.393476999998597,974,1010,0,0,3071,3035
RPi5,Desktop,fp16,steady,23,11.446648000003279,974,1010,0,0,3071,3035
RPi5,Desktop,fp16,steady,24,11.41615599999568,974,1010,0,0,3071,3035
RPi5,Desktop,fp16,steady,25,11.440909999990367,974,1010,0,0,3071,3035
RPi5,Desktop,fp16,steady,26,11.402344999993375,974,1010,0,0,3071,3035
RPi5,Desktop,fp16,steady,27,11.405548000013255,974,1010,0,0,3071,3035
RPi5,Desktop,fp16,steady,28,11.404288999997902,974,1010,0,0,3071,3035
RPi5,Desktop,fp16,steady,29,11.46738399999947,974,1010,0,0,3071,3035
RPi5,Desktop,fp16,steady,30,11.413008999994645,974,1010,0,0,3071,3035
RPi5,Desktop,fp16,steady,31,11.393068999993261,974,1010,0,0,3071,3035
RPi5,Desktop,fp16,steady,32,11.406399999998484,974,1010,0,0,3071,3035
RPi5,Desktop,fp16,steady,33,11.386960000010049,974,1010,0,0,3071,3035
RPi5,Desktop,fp16,steady,34,11.388441000008243,974,1010,0,0,3071,3035
RPi5,Desktop,fp16,steady,35,11.388366999995014,974,1010,0,0,3071,3035
RPi5,Desktop,fp16,steady,36,11.463607000010256,974,1010,0,0,3071,3035
RPi5,Desktop,fp16,steady,37,11.402270999994357,974,1010,0,0,3071,3035
RPi5,Desktop,fp16,steady,38,11.402344999993375,974,1010,0,0,3071,3035
RPi5,Desktop,fp16,steady,39,11.406288999992853,974,1010,0,0,3071,3035
RPi5,Desktop,fp16,steady,40,11.476082000001497,974,1010,0,0,3071,3035
RPi5,Desktop,fp16,steady,41,11.407798000007574,974,1010,0,0,3071,3035
RPi5,Desktop,fp16,steady,42,11.38471200000879,974,1010,0,0,3071,3035
RPi5,Desktop,fp16,steady,43,11.466005999992035,974,1010,0,0,3071,3035
RPi5,Desktop,fp16,steady,44,11.418517999999267,974,1010,0,0,3071,3035
RPi5,Desktop,fp16,steady,45,11.432162999994944,974,1010,0,0,3071,3035
RPi5,Desktop,fp32,reboot_cold,1,14.750859000002947,970,1028,0,0,3075,3017
RPi5,Desktop,fp32,reboot_cold,2,14.735035000001062,974,1031,0,0,3071,3014
RPi5,Desktop,fp32,reboot_cold,3,14.751943999996797,957,1008,0,0,3088,3037
RPi5,Desktop,fp32,reboot_cold,4,14.779404999998746,951,1010,0,0,3094,3035
RPi5,Desktop,fp32,reboot_cold,5,19.364619999990396,963,1021,0,0,3082,3024
RPi5,Desktop,fp32,process_cold,6,12.207244999999034,957,1000,0,0,3088,3045
RPi5,Desktop,fp32,process_cold,7,12.268262999995727,1000,1004,0,0,3045,3041
RPi5,Desktop,fp32,process_cold,8,12.208447999995542,1005,1047,0,0,3040,2998
RPi5,Desktop,fp32,process_cold,9,12.252000000003704,1048,1085,0,0,2997,2960
RPi5,Desktop,fp32,process_cold,10,12.196851999988212,1085,1090,0,0,2960,2955
RPi5,Desktop,fp32,process_cold,11,12.227258999999435,1090,1077,0,0,2955,2968
RPi5,Desktop,fp32,process_cold,12,12.298760000007292,1077,1070,0,0,2968,2975
RPi5,Desktop,fp32,process_cold,13,12.164053000006447,1071,1077,0,0,2974,2968
RPi5,Desktop,fp32,process_cold,14,12.272477999999865,1078,1079,0,0,2967,2966
RPi5,Desktop,fp32,process_cold,15,12.247016000003441,1079,1085,0,0,2966,2960
RPi5,Desktop,fp32,steady,16,11.418766000019787,965,984,0,0,3080,3061
RPi5,Desktop,fp32,steady,17,11.403877000020657,965,984,0,0,3080,3061
RPi5,Desktop,fp32,steady,18,11.368099000009124,965,984,0,0,3080,3061
RPi5,Desktop,fp32,steady,19,11.358857999994143,965,984,0,0,3080,3061
RPi5,Desktop,fp32,steady,20,11.361468999979252,965,984,0,0,3080,3061
RPi5,Desktop,fp32,steady,21,11.360283999977128,965,984,0,0,3080,3061
RPi5,Desktop,fp32,steady,22,11.371303000004218,965,984,0,0,3080,3061
RPi5,Desktop,fp32,steady,23,11.36745099998393,965,984,0,0,3080,3061
RPi5,Desktop,fp32,steady,24,11.625678000001471,965,984,0,0,3080,3061
RPi5,Desktop,fp32,steady,25,11.391209999999319,965,984,0,0,3080,3061
RPi5,Desktop,fp32,steady,26,11.364431999993485,965,984,0,0,3080,3061
RPi5,Desktop,fp32,steady,27,11.329487000011795,965,984,0,0,3080,3061
RPi5,Desktop,fp32,steady,28,11.35378400002196,965,984,0,0,3080,3061
RPi5,Desktop,fp32,steady,29,11.357653999994,965,984,0,0,3080,3061
RPi5,Desktop,fp32,steady,30,11.360432999993009,965,984,0,0,3080,3061
RPi5,Desktop,fp32,steady,31,11.368691000001263,965,984,0,0,3080,3061
RPi5,Desktop,fp32,steady,32,11.522361000004366,965,984,0,0,3080,3061
RPi5,Desktop,fp32,steady,33,11.690882999999985,965,984,0,0,3080,3061
RPi5,Desktop,fp32,steady,34,11.502378999978191,965,984,0,0,3080,3061
RPi5,Desktop,fp32,steady,35,11.377635999991753,965,984,0,0,3080,3061
RPi5,Desktop,fp32,steady,36,11.364783999994188,965,984,0,0,3080,3061
RPi5,Desktop,fp32,steady,37,11.366191000007575,965,984,0,0,3080,3061
RPi5,Desktop,fp32,steady,38,11.3935440000148,965,984,0,0,3080,3061
RPi5,Desktop,fp32,steady,39,11.356653999996524,965,984,0,0,3080,3061
RPi5,Desktop,fp32,steady,40,11.348950000012792,965,984,0,0,3080,3061
RPi5,Desktop,fp32,steady,41,11.372450999999728,965,984,0,0,3080,3061
RPi5,Desktop,fp32,steady,42,11.352912999996079,965,984,0,0,3080,3061
RPi5,Desktop,fp32,steady,43,11.35211699997285,965,984,0,0,3080,3061
RPi5,Desktop,fp32,steady,44,11.36445000000208,965,984,0,0,3080,3061
RPi5,Desktop,fp32,steady,45,11.361062000020183,965,984,0,0,3080,3061
RPi5,Desktop,PTQ,reboot_cold,1,31.877722999979596,952,987,0,0,3093,3058
RPi5,Desktop,PTQ,reboot_cold,2,31.8251660000044,957,990,0,0,3088,3055
RPi5,Desktop,PTQ,reboot_cold,3,39.95250599999878,956,988,0,0,3089,3057
RPi5,Desktop,PTQ,reboot_cold,4,31.93198499999994,952,979,0,0,3093,3066
RPi5,Desktop,PTQ,reboot_cold,5,32.21203400001116,966,1001,0,0,3079,3044
RPi5,Desktop,PTQ,process_cold,6,20.803847999999903,972,1002,0,0,3073,3043
RPi5,Desktop,PTQ,process_cold,7,20.798662000004242,1002,1002,0,0,3043,3043
RPi5,Desktop,PTQ,process_cold,8,20.756892999997945,1003,1017,0,0,3042,3028
RPi5,Desktop,PTQ,process_cold,9,20.73078700000508,1017,999,0,0,3028,3046
RPi5,Desktop,PTQ,process_cold,10,20.78437200000849,999,1021,0,0,3046,3024
RPi5,Desktop,PTQ,process_cold,11,20.801543000004585,1021,1029,0,0,3024,3016
RPi5,Desktop,PTQ,process_cold,12,21.031499000002896,1029,1030,0,0,3016,3015
RPi5,Desktop,PTQ,process_cold,13,20.950722000009137,1030,1056,0,0,3015,2989
RPi5,Desktop,PTQ,process_cold,14,20.798503999998275,1056,1043,0,0,2989,3002
RPi5,Desktop,PTQ,process_cold,15,20.899599000003377,1042,1041,0,0,3003,3004
RPi5,Desktop,PTQ,steady,16,20.42420299999037,1003,1006,0,0,3042,3038
RPi5,Desktop,PTQ,steady,17,20.321475999992344,1003,1006,0,0,3042,3038
RPi5,Desktop,PTQ,steady,18,20.31014099999595,1003,1006,0,0,3042,3038
RPi5,Desktop,PTQ,steady,19,20.30004600000268,1003,1006,0,0,3042,3038
RPi5,Desktop,PTQ,steady,20,20.3322189999966,1003,1006,0,0,3042,3038
RPi5,Desktop,PTQ,steady,21,20.284581000012736,1003,1006,0,0,3042,3038
RPi5,Desktop,PTQ,steady,22,20.281932000003167,1003,1006,0,0,3042,3038
RPi5,Desktop,PTQ,steady,23,20.262262000002806,1003,1006,0,0,3042,3038
RPi5,Desktop,PTQ,steady,24,20.293007999995893,1003,1006,0,0,3042,3038
RPi5,Desktop,PTQ,steady,25,20.297267999993096,1003,1006,0,0,3042,3038
RPi5,Desktop,PTQ,steady,26,20.350926000006098,1003,1006,0,0,3042,3038
RPi5,Desktop,PTQ,steady,27,20.365390999998567,1003,1006,0,0,3042,3038
RPi5,Desktop,PTQ,steady,28,20.28113600000836,1003,1006,0,0,3042,3038
RPi5,Desktop,PTQ,steady,29,20.28095100000371,1003,1006,0,0,3042,3038
RPi5,Desktop,PTQ,steady,30,20.260762000006594,1003,1006,0,0,3042,3038
RPi5,Desktop,PTQ,steady,31,20.286247999990792,1003,1006,0,0,3042,3038
RPi5,Desktop,PTQ,steady,32,20.276135000003137,1003,1006,0,0,3042,3038
RPi5,Desktop,PTQ,steady,33,20.26737399999945,1003,1006,0,0,3042,3038
RPi5,Desktop,PTQ,steady,34,20.291323000009243,1003,1006,0,0,3042,3038
RPi5,Desktop,PTQ,steady,35,20.29900899999859,1003,1006,0,0,3042,3038
RPi5,Desktop,PTQ,steady,36,20.54583099999263,1003,1006,0,0,3042,3038
RPi5,Desktop,PTQ,steady,37,20.34968499999934,1003,1006,0,0,3042,3038
RPi5,Desktop,PTQ,steady,38,20.353575000001456,1003,1006,0,0,3042,3038
RPi5,Desktop,PTQ,steady,39,20.309752000002845,1003,1006,0,0,3042,3038
RPi5,Desktop,PTQ,steady,40,20.283563000006666,1003,1006,0,0,3042,3038
RPi5,Desktop,PTQ,steady,41,20.301157000005787,1003,1006,0,0,3042,3038
RPi5,Desktop,PTQ,steady,42,20.28815599999234,1003,1006,0,0,3042,3038
RPi5,Desktop,PTQ,steady,43,20.323421000000508,1003,1006,0,0,3042,3038
RPi5,Desktop,PTQ,steady,44,20.286470000002055,1003,1006,0,0,3042,3038
RPi5,Desktop,PTQ,steady,45,20.278116000000068,1003,1006,0,0,3042,3038
RPi5,Desktop,QAT,reboot_cold,1,41.579052000003,958,994,0,0,3087,3051
RPi5,Desktop,QAT,reboot_cold,2,33.29785000000385,956,972,0,0,3089,3073
RPi5,Desktop,QAT,reboot_cold,3,33.37455000000489,976,1010,0,0,3069,3035
RPi5,Desktop,QAT,reboot_cold,4,33.40404799999419,951,957,0,0,3094,3088
RPi5,Desktop,QAT,reboot_cold,5,33.241937999996196,969,1002,0,0,3076,3043
RPi5,Desktop,QAT,process_cold,6,21.155445000005102,968,985,0,0,3077,3060
RPi5,Desktop,QAT,process_cold,7,20.969173000011665,985,998,0,0,3060,3047
RPi5,Desktop,QAT,process_cold,8,20.866655999995487,998,1026,0,0,3047,3019
RPi5,Desktop,QAT,process_cold,9,20.787734999998975,1026,1043,0,0,3019,3002
RPi5,Desktop,QAT,process_cold,10,20.79018300000257,1043,1014,0,0,3002,3031
RPi5,Desktop,QAT,process_cold,11,20.82270599998992,1014,1038,0,0,3031,3007
RPi5,Desktop,QAT,process_cold,12,20.759604000005538,1038,1057,0,0,3007,2987
RPi5,Desktop,QAT,process_cold,13,20.75982600000259,1057,1077,0,0,2987,2968
RPi5,Desktop,QAT,process_cold,14,20.792720000002873,1077,1082,0,0,2968,2963
RPi5,Desktop,QAT,process_cold,15,20.735116000011544,1082,1075,0,0,2963,2970
RPi5,Desktop,QAT,steady,16,20.51014299999565,1006,1025,0,0,3039,3020
RPi5,Desktop,QAT,steady,17,20.44630400000358,1006,1025,0,0,3039,3020
RPi5,Desktop,QAT,steady,18,20.44309900000485,1006,1025,0,0,3039,3020
RPi5,Desktop,QAT,steady,19,20.372639000001413,1006,1025,0,0,3039,3020
RPi5,Desktop,QAT,steady,20,20.313818999994737,1006,1025,0,0,3039,3020
RPi5,Desktop,QAT,steady,21,20.47600000000216,1006,1025,0,0,3039,3020
RPi5,Desktop,QAT,steady,22,20.496112999992988,1006,1025,0,0,3039,3020
RPi5,Desktop,QAT,steady,23,20.341061999999965,1006,1025,0,0,3039,3020
RPi5,Desktop,QAT,steady,24,20.32287500000507,1006,1025,0,0,3039,3020
RPi5,Desktop,QAT,steady,25,20.356656000004136,1006,1025,0,0,3039,3020
RPi5,Desktop,QAT,steady,26,20.343895999999972,1006,1025,0,0,3039,3020
RPi5,Desktop,QAT,steady,27,20.32789500000831,1006,1025,0,0,3039,3020
RPi5,Desktop,QAT,steady,28,20.541339000004655,1006,1025,0,0,3039,3020
RPi5,Desktop,QAT,steady,29,20.445571000010432,1006,1025,0,0,3039,3020
RPi5,Desktop,QAT,steady,30,20.37797299999511,1006,1025,0,0,3039,3020
RPi5,Desktop,QAT,steady,31,20.363230999990378,1006,1025,0,0,3039,3020
RPi5,Desktop,QAT,steady,32,20.341321999993056,1006,1025,0,0,3039,3020
RPi5,Desktop,QAT,steady,33,20.37506599999972,1006,1025,0,0,3039,3020
RPi5,Desktop,QAT,steady,34,20.38482499999361,1006,1025,0,0,3039,3020
RPi5,Desktop,QAT,steady,35,20.33561700000064,1006,1025,0,0,3039,3020
RPi5,Desktop,QAT,steady,36,20.358934000000772,1006,1025,0,0,3039,3020
RPi5,Desktop,QAT,steady,37,20.334654999999202,1006,1025,0,0,3039,3020
RPi5,Desktop,QAT,steady,38,20.30276200000003,1006,1025,0,0,3039,3020
RPi5,Desktop,QAT,steady,39,20.316411999999673,1006,1025,0,0,3039,3020
RPi5,Desktop,QAT,steady,40,20.319725999996763,1006,1025,0,0,3039,3020
RPi5,Desktop,QAT,steady,41,20.363305000003606,1006,1025,0,0,3039,3020
RPi5,Desktop,QAT,steady,42,20.444866999994815,1006,1025,0,0,3039,3020
RPi5,Desktop,QAT,steady,43,20.469407000007322,1006,1025,0,0,3039,3020
RPi5,Desktop,QAT,steady,44,20.391176999993377,1006,1025,0,0,3039,3020
RPi5,Desktop,QAT,steady,45,20.33183899999358,1006,1025,0,0,3039,3020
